{"Score 1 (Ridge)": 1.0003977947464675, "Score 2 (SVM)": 0.12070712518637473, "Score 3 (Tree)": 1.0}